Shortname,Symbol,Isomap-1,Isomap-2,Cluster,Marketcap,Currentprice
Microsoft Corporation,MSFT,30.800713816561068,10.34983538965704,9,3094183936000,416.42
Apple Inc.,AAPL,27.672959626816365,13.7749682811853,9,2665580593152,172.62
NVIDIA Corporation,NVDA,28.234555673777823,-4.927056430609686,9,2195912523776,878.365
"Amazon.com, Inc.",AMZN,12.906899328393175,10.42077035994444,9,1811770245120,174.42
Alphabet Inc.,GOOG,26.1275129720194,13.851925577486748,9,1761315782656,142.17
Alphabet Inc.,GOOGL,26.124819366510916,13.856479387201052,9,1760556875776,141.18
"Meta Platforms, Inc.",META,27.373301191713765,13.017515897532633,9,1234169364480,484.1
Berkshire Hathaway Inc. New,BRK-B,16.255632069670856,21.079508426318935,9,885225816064,408.13
Eli Lilly and Company,LLY,11.1258824225088,6.247354433021111,2,716585172992,754.17
Visa Inc.,V,15.271403057585113,-28.1240240888184,7,581384011776,283.04
Broadcom Inc.,AVGO,-9.97678826697232,0.6685259522337004,5,572556640256,1235.5
JP Morgan Chase & Co.,JPM,15.44079497190385,-28.657481625015592,7,548134420480,190.3
"Tesla, Inc.",TSLA,6.772944373933603,-4.393737702908656,0,520936128512,163.57
Walmart Inc.,WMT,-1.2994205316814325,7.90615522656599,3,488643297280,60.68
UnitedHealth Group Incorporated,UNH,12.079960889399795,9.549148557618057,2,452503666688,490.82
Mastercard Incorporated,MA,14.991988057650984,-27.206999667685903,7,443898003456,475.83
Exxon Mobil Corporation,XOM,20.161528406662722,27.66197837847935,4,441501548544,111.27
Johnson & Johnson,JNJ,11.597126825483091,7.84830686914974,2,381178970112,158.18
Procter & Gamble Company (The),PG,-8.886682196983058,12.34742000416813,3,379730362368,161.38
"Home Depot, Inc. (The)",HD,8.400725483526847,-1.8045453970325012,0,369876926464,373.23
Oracle Corporation,ORCL,-10.651859754812266,1.2710197435316106,5,345047957504,125.54
Costco Wholesale Corporation,COST,-8.36740600571736,12.033368948375879,3,321819803648,725.63
AbbVie Inc.,ABBV,11.336363024625614,7.086644486226124,2,314219692032,177.88
"Advanced Micro Devices, Inc.",AMD,-9.589312933820665,0.8203426789990712,5,308712833024,191.06
"Merck & Company, Inc.",MRK,10.91464989518125,5.916442780563715,2,307766394880,121.52
Chevron Corporation,CVX,21.10510101103811,29.25211368354335,4,288898351104,155.55
"Salesforce, Inc.",CRM,-9.381700035061892,0.9034612132315287,5,285500080128,294.33
Bank of America Corporation,BAC,15.030843698347635,-27.315270101256665,7,279407558656,35.41
"Netflix, Inc.",NFLX,33.782975086469925,16.55785371650285,1,262200623104,605.88
Coca-Cola Company (The),KO,-8.882290075909792,12.351050848882325,3,258230091776,59.88
Accenture plc,ACN,-11.247201439110464,5.401389937620593,5,234871209984,374.6
"Pepsico, Inc.",PEP,-7.997760478186938,11.823396199703351,3,226313633792,164.66
Linde plc,LIN,-14.649433424478216,0.5265082936259673,1,225488338944,468.23
Adobe Inc.,ADBE,-8.605525576256706,0.7004554406227795,5,222860787712,492.46
Thermo Fisher Scientific Inc,TMO,10.448240128073582,5.271555841214095,2,222743412736,584.15
Wells Fargo & Company,WFC,14.821919994540588,-26.640962259843327,7,205738573824,57.51
Walt Disney Company (The),DIS,32.574552588943995,15.890706539103222,1,205349879808,111.95
McDonald's Corporation,MCD,5.720285837787165,-5.878372241877823,0,201553330176,279.14
Abbott Laboratories,ABT,10.674182608557212,5.491852973687088,2,200395931648,115.49
"Cisco Systems, Inc.",CSCO,-10.247784819362876,1.0967437951882557,5,198126862336,48.93
"T-Mobile US, Inc.",TMUS,31.7236899298077,15.420849461566322,1,192047431680,161.81
QUALCOMM Incorporated,QCOM,-9.548879612447582,0.9549548064196001,5,186595196928,167.2
General Electric Company,GE,-15.334602728414891,0.3812312578867642,1,184642371584,168.89
Danaher Corporation,DHR,10.177791115986867,4.985317507850212,2,184481677312,249.4
Intel Corporation,INTC,-9.987468818812037,1.1299358065606784,5,180281917440,42.64
International Business Machines,IBM,-11.025193839423801,1.654595253378376,5,175162474496,191.07
Intuit Inc.,INTU,-8.15099766967624,0.31968214700041403,5,175132475392,625.52
"Caterpillar, Inc.",CAT,-15.388254612804843,0.377877773276908,1,173268828160,346.97
Comcast Corporation,CMCSA,31.701982683067424,15.408431163198113,1,169876455424,42.77
Verizon Communications Inc.,VZ,31.57731793743126,15.339175333330685,1,166026625024,39.49
"Applied Materials, Inc.",AMAT,-9.349356172046022,0.882570208816537,5,165057691648,198.65
"Pfizer, Inc.",PFE,10.392535816947321,5.201327532197847,2,158211358720,27.94
American Express Company,AXP,14.51134709743381,-25.627017441786418,7,158136647680,218.46
"Uber Technologies, Inc.",UBER,-9.129003338775993,0.637812044948297,5,157959356416,76.07
Texas Instruments Incorporated,TXN,-9.969672259608284,0.8902918677692835,5,157002858496,172.52
"ServiceNow, Inc.",NOW,-7.395661599813121,0.3829679580133216,5,152501551104,743.91
Blackstone Inc.,BX,15.365823300912806,-28.396931124978078,7,151447388160,124.97
"Nike, Inc.",NKE,5.547231821466293,-5.830816551345934,0,150966550528,99.64
Union Pacific Corporation,UNP,-14.870823269668344,0.41363387583537137,1,148865105920,244.13
Philip Morris International Inc,PM,-8.870901855355688,12.345897847478088,3,146350407680,94.27
Morgan Stanley,MS,14.553466402605325,-25.762126382049864,7,144525164544,88.38
Amgen Inc.,AMGN,10.566872420056695,5.375569345856688,2,144092545024,268.87
ConocoPhillips,COP,21.80935717937869,30.43891203152368,4,141216251904,120.04
"Lowe's Companies, Inc.",LOW,6.956714917698295,-3.8545107626864614,0,140475023360,244.73
"Intuitive Surgical, Inc.",ISRG,10.151534408839082,4.956623956139266,2,140461047808,396.28
Stryker Corporation,SYK,10.295913564461019,5.106477889878309,2,133940396032,352.23
S&P Global Inc.,SPGI,14.385803465984319,-25.22645974525864,7,132804616192,422.81
"United Parcel Service, Inc.",UPS,-15.946358096260422,0.3391907380137168,1,130771386368,153.37
Honeywell International Inc.,HON,-14.712649159845475,0.42214120206498357,1,128929865728,197.69
"Goldman Sachs Group, Inc. (The)",GS,14.338047919548453,-25.068704134283685,7,126061248512,387.21
RTX Corporation,RTX,-15.373631041448576,0.37763719281149605,1,123563442176,92.93
"NextEra Energy, Inc.",NEE,-16.66095327552327,0.4060743291657207,8,123309998080,60.08
Charles Schwab Corporation (The,SCHW,15.200706282558858,-27.860755556526346,7,122305773568,67.04
AT&T Inc.,T,31.99771914822335,15.571405092213372,1,121955065856,17.05
Progressive Corporation (The),PGR,13.903319595521985,-23.65901755266834,7,119998210048,204.88
"BlackRock, Inc.",BLK,14.55369601004166,-25.782782622476393,7,119528939520,802.52
"Elevance Health, Inc.",ELV,10.298514381200484,5.116176971276442,2,119377813504,513.08
"Prologis, Inc.",PLD,-15.77486851787543,0.35868588024862186,6,119328153600,129.02
Lam Research Corporation,LRCX,-8.8748395606417,0.43638789095993863,5,119315529728,910.09
"Eaton Corporation, PLC",ETN,-14.726915092279931,0.42143295758924093,1,119011049472,297.9
Booking Holdings Inc. Common St,BKNG,2.8106620996232623,-1.7145677487891973,0,116659109888,3413.98
Boeing Company (The),BA,-15.276829665283165,0.38484506358465786,1,111367938048,182.53
"TJX Companies, Inc. (The)",TJX,5.0754389202697485,-6.731849337625652,0,111175786496,97.55
Medtronic plc.,MDT,10.844877644248289,5.763194098805602,2,110965915648,83.57
"Citigroup, Inc.",C,14.998894861287797,-27.21044152670308,7,110114029568,57.61
Deere & Company,DE,-15.250370101938344,0.3867464790678036,1,106719682560,383.39
"Regeneron Pharmaceuticals, Inc.",REGN,9.215089005126531,4.013868962426741,2,105862152192,964.47
Bristol-Myers Squibb Company,BMY,10.88595497941672,5.831385568081009,2,105841426432,52.34
Lockheed Martin Corporation,LMT,-15.358644976020674,0.3812793007932773,1,105312854016,435.82
Vertex Pharmaceuticals Incorpor,VRTX,10.02295936661735,4.830041774485661,2,105309585408,407.69
Chubb Limited,CB,14.333269684295237,-25.05339491944963,7,103991975936,256.29
"Micron Technology, Inc.",MU,-9.044319293721228,0.660672792812285,5,102939607040,93.25
The Cigna Group,CI,10.499683827884592,5.317530847073531,2,102923575296,352.05
"Airbnb, Inc.",ABNB,4.972682940601597,-6.844013119515132,0,102466633728,160.64
Starbucks Corporation,SBUX,6.828399578826147,-4.021457506947397,0,102035668992,90.12
"Marsh & McLennan Companies, Inc",MMC,14.338675626900638,-25.069472058342733,7,101448294400,206.34
"Automatic Data Processing, Inc.",ADP,-14.35995147451796,0.44568052414125914,1,99448389632,242.09
CVS Health Corporation,CVS,11.181104795560012,6.798596692640743,2,97404035072,77.4
Boston Scientific Corporation,BSX,10.417181311688084,5.22441862300879,2,97166041088,66.23
"Analog Devices, Inc.",ADI,-9.7234176981782,0.8007786008394057,5,96801243136,195.2
"Mondelez International, Inc.",MDLZ,-8.57818404279291,12.17628605316138,3,95263457280,70.75
KLA Corporation,KLAC,-8.308304248570996,0.4602506251152989,5,92486533120,683.9
American Tower Corporation (REI,AMT,-15.654707377696354,0.3673345866797997,6,92029902848,197.34
"Gilead Sciences, Inc.",GILD,10.518870787243092,5.332621762400056,2,91800797184,73.69
"Palo Alto Networks, Inc.",PANW,-8.442430272848354,0.5886259093469727,5,91165900800,282.16
"Fiserv, Inc.",FI,-9.1164626272969,0.8645022881572201,5,88342003712,149.63
"Arista Networks, Inc.",ANET,-8.429751738697918,0.5704440723701693,5,86827843584,277.73
"HCA Healthcare, Inc.",HCA,10.93770687451638,6.20665876427708,2,85160747008,321.97
Sherwin-Williams Company (The),SHW,-13.822078983005195,0.5820197301735013,1,85036097536,334.66
"Waste Management, Inc.",WM,-14.214320909402085,0.45448292559017284,1,84548427776,210.53
"Synopsys, Inc.",SNPS,-7.673739128473077,0.4492254174727611,5,83903782912,550.03
"Cadence Design Systems, Inc.",CDNS,-8.419127559532036,0.593127721352122,5,81247010816,298.44
"Equinix, Inc.",EQIX,-16.563196929940684,0.3008831310577896,6,80465092608,850.39
Illinois Tool Works Inc.,ITW,-14.30929837632097,0.4512161573589245,1,79755698176,266.92
Zoetis Inc.,ZTS,10.26083620658213,5.069895987426531,2,79014109184,172.57
CME Group Inc.,CME,14.023617427409226,-24.04660786527215,7,78298914816,217.5
"Altria Group, Inc.",MO,-9.147495300588824,12.509564018197459,3,77362987008,43.87
Intercontinental Exchange Inc.,ICE,13.901215266955914,-23.65086668725505,7,77097017344,134.64
Target Corporation,TGT,-7.423489953693195,11.500062149307425,3,75818729472,164.22
Schlumberger N.V.,SLB,23.114070936085277,32.63753433481341,4,75729403904,52.87
"Chipotle Mexican Grill, Inc.",CMG,3.7446263840129568,-2.2958207686061987,0,75583520768,2756.39
General Dynamics Corporation,GD,-14.72741529469753,0.4212373016453184,1,75402035200,275.21
Southern Company (The),SO,-15.806903736831432,0.4530480733931125,8,75378573312,69.09
Duke Energy Corporation (Holdin,DUK,-15.958061313385627,0.44705359921712645,8,73003507712,94.71
Colgate-Palmolive Company,CL,-8.807857117499989,12.31079992416053,3,72807702528,88.45
CSX Corporation,CSX,-14.038103244485209,0.4660200235028385,1,72429035520,36.97
"EOG Resources, Inc.",EOG,22.224628362563845,31.138804596084896,4,71218446336,122.79
Marriott International,MAR,6.816015160128274,-4.086775213582393,0,70654607360,244.07
Moody's Corporation,MCO,14.18230207478078,-24.563470429552453,7,70133014528,384.16
McKesson Corporation,MCK,9.970520421251512,4.777955031545653,2,70124568576,533.64
Marathon Petroleum Corporation,MPC,22.11132445456928,30.947881402417437,4,69847531520,193.84
Northrop Grumman Corporation,NOC,-14.915272244201608,0.409370636756406,1,69279121408,461.75
Parker-Hannifin Corporation,PH,-14.80876522671977,0.4183006988481654,1,68753817600,535.42
"Becton, Dickinson and Company",BDX,10.448981075811368,5.26334193059198,2,68385996800,236.71
Phillips 66,PSX,22.353951612555374,31.356731480433652,4,68036849664,159.03
"PayPal Holdings, Inc.",PYPL,14.408289636585032,-25.29448467176985,7,67358859264,62.85
Trane Technologies plc,TT,-14.281777845391638,0.4500843091377551,1,66171052032,291.41
"O'Reilly Automotive, Inc.",ORLY,3.998892642676447,-5.2038016834907665,0,65718366208,1113.18
U.S. Bancorp,USB,13.972019354528467,-23.880052910903654,7,65573687296,42.08
Amphenol Corporation,APH,-9.363989459323818,0.9582497011641822,5,65564151808,109.3
Transdigm Group Incorporated,TDG,-16.405748795685415,0.31032234253297375,1,65181704192,1172.2
Ecolab Inc.,ECL,-14.311486546988144,0.549984551350443,1,64725794816,226.7
"Freeport-McMoRan, Inc.",FCX,-13.526251618394992,0.5985676548367611,1,63989030912,44.61
Cintas Corporation,CTAS,-14.941575659877438,0.4085465667306502,1,63598137344,627.38
Monster Beverage Corporation,MNST,-9.038835325540774,12.445184487708723,3,63309283328,60.45
FedEx Corporation,FDX,-16.41594524218594,0.30930955234260155,1,63295393792,253.29
Aon plc,AON,14.298390568827319,-24.93839496528603,7,63255076864,318.99
Emerson Electric Company,EMR,-14.630096404604009,0.4247047407888539,1,63224295424,110.59
PACCAR Inc.,PCAR,-14.09517323588057,0.4603532639185383,1,61991194624,118.33
NXP Semiconductors N.V.,NXPI,-8.73184030625636,0.7864002479651725,5,60919271424,237.54
"PNC Financial Services Group, I",PNC,14.714507359819642,-26.283803714317337,7,59191377920,148.78
lululemon athletica inc.,LULU,4.59901634281884,-6.436349983413183,0,58671243264,464.94
"Republic Services, Inc.",RSG,-14.010823889736802,0.4668547007441227,1,58615177216,186.31
"Roper Technologies, Inc.",ROP,-7.677135435518899,0.525848371977795,5,58578489344,547.35
Pioneer Natural Resources Compa,PXD,22.423795595363234,31.47440391730256,4,58396409856,249.96
3M Company,MMM,-14.309965764729437,0.4482705334739276,1,58033504256,105.0
Norfolk Southern Corporation,NSC,-14.277842198806484,0.4540660421713265,1,57787392000,255.83
"Motorola Solutions, Inc.",MSI,-8.351465719147203,0.694420471532511,5,57181315072,344.19
"Simon Property Group, Inc.",SPG,-15.459076840007727,0.377535036144783,6,56510558208,150.77
Edwards Lifesciences Corporatio,EW,10.29250219945152,5.097562830280265,2,55505997824,92.31
Occidental Petroleum Corporatio,OXY,22.302612646541945,31.27018236953071,4,55100612608,62.65
Arthur J. Gallagher & Co.,AJG,14.09329564439181,-24.27186102058191,7,54887256064,253.17
Valero Energy Corporation,VLO,22.19820398192123,31.09423543435203,4,54427299840,163.7
"Autodesk, Inc.",ADSK,-8.743978273767976,0.6962083053097758,5,54385754112,254.24
"Air Products and Chemicals, Inc",APD,-13.315654335385833,0.6141917948833859,1,54381494272,244.63
"AutoZone, Inc.",AZO,3.894131922699543,-1.3930040448174368,0,54088400896,3124.33
"Copart, Inc.",CPRT,-13.63623387402797,0.48998560438462035,1,53966864384,56.13
"Estee Lauder Companies, Inc. (T",EL,-9.001324151458604,12.422987212335068,3,53681332224,149.75
Constellation Energy Corporatio,CEG,-15.61685376773704,0.4617982449289235,8,52414726144,165.52
"MetLife, Inc.",MET,13.938754370126077,-23.77332142997419,7,52339421184,72.39
Welltower Inc.,WELL,-15.644608866987321,0.36238531019657844,6,51967004672,91.35
"American International Group, I",AIG,14.835266568118739,-26.67958319358621,7,51936358400,76.27
Hilton Worldwide Holdings Inc.,HLT,5.702830279286475,-5.607747479826608,0,51607269376,204.66
Capital One Financial Corporati,COF,14.629177477059333,-26.007686242798407,7,51559559168,135.55
Carrier Global Corporation,CARR,-13.856491800812055,0.4781609166705445,1,51350872064,57.05
"Fortinet, Inc.",FTNT,-9.190203998152512,0.7501627279772289,5,50909425664,66.72
"The Travelers Companies, Inc.",TRV,14.164473629462538,-24.501775144316582,7,50620805120,220.93
"D.R. Horton, Inc.",DHI,5.117726688312141,-6.54888852669363,0,50333319168,151.69
"DexCom, Inc.",DXCM,10.341755765534,5.144902835151341,2,50294292480,130.46
"Constellation Brands, Inc.",STZ,-8.993296346773759,12.418432033817586,3,48929947648,267.64
"Ross Stores, Inc.",ROST,5.076102598385743,-6.89634110343659,0,48856965120,145.12
"W.W. Grainger, Inc.",GWW,-15.647994716900625,0.36205776621359054,1,48856580096,994.37
Public Storage,PSA,-15.184605383380802,0.3940621727797394,6,48808353792,277.04
AFLAC Incorporated,AFL,14.65251315402573,-26.086316133170993,7,48682168320,84.37
Ford Motor Company,F,6.0362260402327195,-5.188499615568122,0,47921979392,12.06
Microchip Technology Incorporat,MCHP,-10.063138115500685,0.8997225741245952,5,47899987968,88.64
"Cencora, Inc.",COR,10.27254207197332,5.077253648034151,2,47849447424,238.23
General Motors Company,GM,6.289976001193952,-4.81749304820087,0,46973751296,40.69
Truist Financial Corporation,TFC,14.86402068488168,-26.76912844248676,7,46523805696,34.86
Hess Corporation,HES,22.630599744015566,31.822874969900333,4,46336950272,150.86
"IQVIA Holdings, Inc.",IQV,10.342748168589825,5.154976410120598,2,45996761088,252.71
Crown Castle Inc.,CCI,-15.057449398993642,0.39967467929016626,6,45926920192,105.77
"Old Dominion Freight Line, Inc.",ODFL,-14.314940783337093,0.4501838296840208,1,45832347648,421.11
"United Rentals, Inc.",URI,-15.019680989803385,0.401588491540809,1,45393301504,675.58
Nucor Corporation,NUE,-13.15498889046914,0.6207272705246725,1,45375614976,188.48
"Williams Companies, Inc. (The)",WMB,22.533118135654778,31.658648997000935,4,45019746304,37.0
Realty Income Corporation,O,-15.700392588519858,0.3583537074959529,6,44942057472,52.19
"ONEOK, Inc.",OKE,22.712199991399892,31.960405373011753,4,44903239680,77.0
"Digital Realty Trust, Inc.",DLR,-15.259881296593015,0.38856863622466625,6,44898140160,140.86
DBA Sempra,SRE,-15.62425484799324,0.47095035005469804,8,44256825344,70.01
"IDEXX Laboratories, Inc.",IDXX,9.66663164171153,4.466548173771365,2,44018274304,529.77
"Paychex, Inc.",PAYX,-13.581339018780605,0.4937740895213012,1,43279392768,120.28
American Electric Power Company,AEP,-15.425664448028105,0.4796191799489957,8,43238305792,82.11
"Agilent Technologies, Inc.",A,9.836939698245734,4.638759871338509,2,43219750912,147.48
MSCI Inc.,MSCI,14.344380248724132,-25.09553130693817,7,43156262912,544.74
Lennar Corporation,LEN,5.025511280683926,-6.637177678251504,0,43146309632,156.57
Johnson Controls International ,JCI,-14.209347305500676,0.45466770316802874,1,43063795712,63.19
TE Connectivity Ltd. New Switze,TEL,-9.611987581224948,0.9767027322669884,5,42972471296,139.16
Fastenal Company,FAST,-13.507942932591652,0.4986389825541971,1,42949197824,75.03
Allstate Corporation (The),ALL,14.307008389517705,-24.963426027293973,7,42669469696,162.2
Pacific Gas & Electric Co.,PCG,-17.09158013973557,0.3800128819271695,8,42434760704,16.25
"Ameriprise Financial, Inc.",AMP,14.282200474418056,-24.88773695942063,7,42071068672,419.49
"AMETEK, Inc.",AME,-13.743763082624643,0.4840644137005696,1,41969602560,181.52
Humana Inc.,HUM,10.234088560182576,5.042888193993405,2,41969135616,348.15
"Charter Communications, Inc.",CHTR,32.455006667945376,15.824834724909273,1,41965789184,290.65
Kimberly-Clark Corporation,KMB,-8.800827148513378,12.306459098797875,3,41935683584,124.47
The Kraft Heinz Company,KHC,-8.983731136471846,12.413101388481582,3,41694244864,34.37
The Bank of New York Mellon Cor,BK,14.330089884017461,-25.039257049407638,7,40963710976,54.41
GE HealthCare Technologies Inc.,GEHC,10.38948608502641,5.201985468194764,2,40713469952,89.41
"Prudential Financial, Inc.",PRU,13.319394025528172,-21.768785445765406,7,40533934080,112.84
"L3Harris Technologies, Inc.",LHX,-14.46793306744301,0.43667982804616695,1,40462557184,212.86
Dow Inc.,DOW,-12.96961609562896,0.6308960910311667,1,40383692800,57.04
Centene Corporation,CNC,10.54639366578408,5.361501135081147,2,40366112768,75.47
Kroger Company (The),KR,-7.155125569347063,11.342247236342182,3,40363200512,56.06
Sysco Corporation,SYY,-8.701572859506213,12.24845882461932,3,40284405760,80.92
"Dominion Energy, Inc.",D,-15.380055278108618,0.48142190742281105,8,40063275008,47.84
Otis Worldwide Corporation,OTIS,-14.03159207149546,0.46545350119420575,1,39937318912,98.5
Fidelity National Information S,FIS,-9.747442996548944,0.947644426669737,5,39845330944,69.12
"Moderna, Inc.",MRNA,9.804537594095391,4.603276714353817,2,39678279680,103.85
The Hershey Company,HSY,-8.912186718388906,12.371240802977752,3,39472480256,193.54
Keurig Dr Pepper Inc.,KDP,-8.840503701442007,12.329797172651023,3,39062798336,28.88
"Kinder Morgan, Inc.",KMI,22.53343675583284,31.65918857120407,4,39060914176,17.6
Newmont Corporation,NEM,-14.61007341228353,0.5300515549371797,1,39056527360,33.88
Cummins Inc.,CMI,-14.361675414263425,0.44403084857172576,1,38987976704,274.84
Kenvue Inc.,KVUE,-8.895287633503239,12.361545091434728,3,38942556160,20.34
"CoStar Group, Inc.",CSGP,-15.208708884658867,0.39130556357552576,6,38872367104,95.18
"Corteva, Inc.",CTVA,-13.05994033918494,0.6279147289273161,1,38661222400,55.09
"Yum! Brands, Inc.",YUM,5.067258978107637,-6.361723144033606,0,38498017280,136.84
Las Vegas Sands Corp.,LVS,10.884942951387611,-13.9005331795559,0,38457278464,51.03
"General Mills, Inc.",GIS,-8.82156319740435,12.318463700931945,3,37912338432,66.76
Cognizant Technology Solutions ,CTSH,-10.97408997559716,1.7041850367460145,5,37502439424,75.33
"Martin Marietta Materials, Inc.",MLM,-14.426850529702145,0.5432666783868425,1,36862902272,596.27
"Gartner, Inc.",IT,-7.958740204641501,0.5987568853255638,5,36720545792,470.97
Ingersoll Rand Inc.,IR,-13.953623957286114,0.46890737766764445,1,36498853888,90.47
Exelon Corporation,EXC,-16.26267300646833,0.4321765616674633,8,36463181824,36.48
Electronic Arts Inc.,EA,33.80491686266458,16.570450820584096,1,35897085952,134.27
"Quanta Services, Inc.",PWR,-15.223563077644691,0.3861535990261779,1,35380568064,242.75
Vulcan Materials Company (Holdi,VMC,-13.773027551880656,0.5857902565467253,1,35286093824,266.86
Arch Capital Group Ltd.,ACGL,13.809270648611173,-23.354994583170694,7,34376994816,91.88
"Nasdaq, Inc.",NDAQ,14.428945343597364,-25.359160706703886,7,34328352768,59.68
"Diamondback Energy, Inc.",FANG,22.849091144350737,32.19102104665835,4,33894225920,189.94
"Verisk Analytics, Inc.",VRSK,-13.934284799077636,0.472462226365716,1,33627824128,234.52
Halliburton Company,HAL,22.830320951763966,32.159466808104526,4,33583548416,37.73
"Monolithic Power Systems, Inc.",MPWR,-7.4399014952420295,0.45478360150489805,5,33429620736,686.99
Dollar General Corporation,DG,-8.982085528001344,12.411948063457283,3,33352566784,151.95
Global Payments Inc.,GPN,-13.783610728119893,0.4807412157713848,1,33130440704,129.88
Royal Caribbean Cruises Ltd.,RCL,5.35437632775206,-8.036459979890147,0,33087318016,128.92
CDW Corporation,CDW,-9.239225096717986,0.7480115322288728,5,32951123968,245.51
Baker Hughes Company,BKR,23.02266157584725,32.48349982854703,4,32574681088,32.32
"PPG Industries, Inc.",PPG,-13.537529124221887,0.5985409010840809,1,32446867456,137.86
LyondellBasell Industries NV,LYB,-13.124736468190648,0.6247578262487875,1,32423094272,99.91
"Rockwell Automation, Inc.",ROK,-14.039014441228288,0.46653904228087034,1,32186601472,280.88
ON Semiconductor Corporation,ON,-9.53430278268045,0.8789684551731608,5,31994122240,74.87
Biogen Inc.,BIIB,9.671430334812795,4.470342045561922,2,31879118848,219.31
Public Service Enterprise Group,PEG,-15.323475694623676,0.4810647877947426,8,31799879680,63.78
"Equifax, Inc.",EFX,-14.033802864579387,0.4654974342565619,1,31353430016,252.94
Xylem Inc.,XYL,-15.451109984508982,0.3688284316974425,1,30770067456,127.27
"Consolidated Edison, Inc.",ED,-15.260422843474993,0.48600207062081563,8,30729662464,88.94
"DuPont de Nemours, Inc.",DD,-12.859880779674372,0.6398032063740896,1,30663120896,73.43
Extra Space Storage Inc,EXR,-17.485983885960792,0.2360494687832985,6,30483869696,139.33
Archer-Daniels-Midland Company,ADM,-9.10822688406481,12.485596242839877,3,30239143936,59.31
Devon Energy Corporation,DVN,22.491861050007326,31.589127733315717,4,30238699520,47.62
VICI Properties Inc.,VICI,-15.50317105392876,0.37157643172749755,6,30178039808,28.93
Discover Financial Services,DFS,15.083607375690011,-27.48152087844104,7,30126733312,120.24
Fair Isaac Corproation,FICO,-5.739173710337832,0.09313138912356392,5,30116024320,1211.81
Fortive Corporation,FTV,-9.16509261423223,0.7669693283805843,5,29990283264,85.35
HP Inc.,HPQ,-9.798290338873551,0.9263687176120905,5,29765392384,30.42
Hartford Financial Services Gro,HIG,14.398229429366243,-25.25946596778652,7,29458466816,99.07
Xcel Energy Inc.,XEL,-15.273234132281257,0.4843609473479339,8,28862560256,51.99
"ANSYS, Inc.",ANSS,-8.32130922736499,0.5995725517719888,5,28531396608,327.88
CBRE Group Inc,CBRE,-15.6353502975447,0.3599184879265237,6,28493924352,93.21
"Mettler-Toledo International, I",MTD,8.66194119425889,3.4515031612066562,2,28447463424,1324.45
"West Pharmaceutical Services, I",WST,9.669031061014705,4.46779908925088,2,28375877632,387.62
ResMed Inc.,RMD,10.19522620707735,4.998213061221786,2,27954264064,190.05
Garmin Ltd.,GRMN,-9.01065823287995,0.723216761848757,5,27951497216,145.75
Willis Towers Watson Public Lim,WTW,14.305681108469924,-24.961119992875417,7,27869708288,271.95
"Dollar Tree, Inc.",DLTR,-9.14427599975306,12.5072421290194,3,27761250304,127.42
Tractor Supply Company,TSCO,4.759504733911462,-6.246640363965129,0,27750856704,257.15
Corning Incorporated,GLW,-9.836659192291016,0.9379156988721427,5,27746437120,32.51
"Delta Air Lines, Inc.",DAL,-14.527639603663935,0.43273700085420924,1,27740131328,43.12
Howmet Aerospace Inc.,HWM,-14.096683405393918,0.4594811625459511,1,27178536960,66.24
eBay Inc.,EBAY,5.0841579125858685,-6.634272076702738,0,27039600640,52.2
"Cardinal Health, Inc.",CAH,10.383979727438481,5.1928848585300535,2,26904000512,110.61
Edison International,EIX,-15.266906551485832,0.4885281170978725,8,26455252992,68.8
Keysight Technologies Inc.,KEYS,-9.400130545117513,0.8063446920139957,5,26148489216,149.8
"AvalonBay Communities, Inc.",AVB,-15.31336415930271,0.38615328544081506,6,26107035648,183.82
"Ulta Beauty, Inc.",ULTA,4.46644826692678,-6.10611973762834,0,26027991040,535.98
"T. Rowe Price Group, Inc.",TROW,14.349063887747723,-25.099857392508845,7,25689241600,114.86
"Zimmer Biomet Holdings, Inc.",ZBH,10.156202529501009,4.964672060863772,2,25670363136,125.17
Brown Forman Inc,BF-B,-8.999819515836155,12.422687359602339,3,25605531648,53.72
"WEC Energy Group, Inc.",WEC,-15.103424124493122,0.49551058715120283,8,25491097600,80.78
"Church & Dwight Company, Inc.",CHD,-9.00383398594979,12.425346978613412,3,25435691008,104.34
"Raymond James Financial, Inc.",RJF,14.322295421072821,-25.01322462102482,7,25242222592,120.76
Weyerhaeuser Company,WY,-14.732624744159407,0.4189470478126513,6,25044457472,34.33
Westinghouse Air Brake Technolo,WAB,-13.892627848014905,0.47370078073427696,1,24752195584,139.82
Dover Corporation,DOV,-13.849584069072316,0.4806235955699432,1,24556118016,175.53
"Take-Two Interactive Software, ",TTWO,33.781716110786554,16.557615052998305,1,24549031936,143.91
"Brown & Brown, Inc.",BRO,14.25375327517506,-24.791540371285222,7,24276021248,84.94
"NVR, Inc.",NVR,1.448938163423647,-2.4471806099255766,0,24172046336,7565.87
Fifth Third Bancorp,FITB,14.57548657038964,-25.834796051514992,7,24088303616,35.24
"Live Nation Entertainment, Inc.",LYV,34.621831645938606,17.021470861352196,1,23949907968,103.77
Equity Residential,EQR,-14.575206564860244,0.4290710462573964,6,23923288064,63.03
"Builders FirstSource, Inc.",BLDR,-14.04079369339958,0.46871483021068194,1,23838050304,195.49
"Targa Resources, Inc.",TRGP,22.598670753857288,31.769133017423616,4,23647735808,105.97
Molina Healthcare Inc,MOH,9.810529749014929,4.612095374773962,2,23619880960,404.45
"Align Technology, Inc.",ALGN,9.81458542910209,4.6167264462527475,2,23608973312,314.35
"Broadridge Financial Solutions,",BR,-8.774104978320361,0.7439716362652294,5,23577954304,200.2
"PulteGroup, Inc.",PHM,4.741752887789823,-6.465900070508521,0,23523221504,110.9
M&T Bank Corporation,MTB,15.04058833284392,-27.3420443381002,7,23415246848,140.53
SBA Communications Corporation,SBAC,-15.03095556543609,0.4036252364679277,6,23295326208,215.48
"Axon Enterprise, Inc.",AXON,-15.175334258821076,0.389195271287134,1,23166906368,307.65
Iron Mountain Incorporated (Del,IRM,-14.990193329395842,0.40478682626649637,6,22975815680,78.61
"American Water Works Company, I",AWK,-16.003268828182957,0.44998666400964754,8,22813601792,117.14
STERIS plc (Ireland),STE,10.29188656597542,5.096278985776425,2,22732161024,230.05
"Rollins, Inc.",ROL,5.18405093789781,-7.079255192367465,0,22458195968,46.35
DTE Energy Company,DTE,-15.699541169264403,0.45637242611066065,8,22447224832,108.48
W.R. Berkley Corporation,WRB,14.373276239683747,-25.178476020158097,7,21937504256,85.51
State Street Corporation,STT,14.630965516507874,-26.014464705427315,7,21890940928,72.5
"Steel Dynamics, Inc.",STLD,-12.768685228072048,0.6422695896124299,1,21809573888,137.9
FirstEnergy Corp.,FE,-15.379440125929959,0.4856009474545439,8,21800036352,37.95
Hewlett Packard Enterprise Comp,HPE,-10.045427706391132,0.9797402857164078,5,21746155520,16.73
PTC Inc.,PTC,-8.708223860002487,0.6486859914432617,5,21735749632,181.81
Entergy Corporation,ETR,-15.307629328124463,0.48210387754322487,8,21702082560,101.96
Alexandria Real Estate Equities,ARE,-15.248909747787577,0.38944568389648654,6,21649319936,123.75
Genuine Parts Company,GPC,5.086887641812528,-6.335125505032103,0,21423740928,153.66
Invitation Homes Inc.,INVH,-14.677588521054673,0.42303703065266357,6,21394051072,34.96
Veralto Corp,VLTO,-13.376110175542488,0.5074771334521403,1,21325883392,86.5
"FleetCor Technologies, Inc.",FLT,-8.470941151576614,0.6909456621301683,5,21242800128,295.64
Carnival Corporation,CCL,5.564144505110168,-8.768581348409343,0,21240111104,16.26
Hubbell Inc,HUBB,-14.305055097362,0.4484079100394493,1,21190709248,395.15
International Flavors & Fragran,IFF,-12.870186037274962,0.6391581369303494,1,21152847872,82.85
Baxter International Inc.,BAX,10.427237351253584,5.239750053740248,2,21130682368,41.61
"NetApp, Inc.",NTAP,-9.127802788840258,0.7784291592725178,5,21122684928,102.35
Aptiv PLC,APTV,5.561421866474655,-5.8408079269369235,0,21061726208,77.24
Waters Corporation,WAT,9.542663442613273,4.339416215883207,2,20892596224,352.9
"Warner Bros. Discovery, Inc. - ",WBD,33.37064092929146,16.33050662426087,1,20834953216,8.54
Eversource Energy (D/B/A),ES,-15.043181141749905,0.5002550285746975,8,20603557888,58.92
"Darden Restaurants, Inc.",DRI,5.75040738632596,-5.579059810990119,0,20533915648,171.96
"Illumina, Inc.",ILMN,10.053897422681331,4.8603153170031765,2,20296298496,127.73
Ball Corporation,BALL,5.0173958453269805,-6.5099218801275605,0,20173666304,64.08
"Tyson Foods, Inc.",TSN,-8.439088203014558,12.094265166458833,3,20046055424,56.15
"J.B. Hunt Transport Services, I",JBHT,-14.276778770664142,0.45334534823077116,1,20031547392,193.92
"The Cooper Companies, Inc.",COO,10.173349605441887,4.9800144191174915,2,20016715776,100.71
Coterra Energy Inc.,CTRA,22.940865898292557,32.34562412818285,4,19863797760,26.42
Teledyne Technologies Incorpora,TDY,-8.257250112115031,0.6207264476424593,5,19666890752,415.12
PPL Corporation,PPL,-15.007372961733509,0.5022590419265779,8,19649742848,26.64
Western Digital Corporation,WDC,-9.577003877260854,0.8848303719937429,5,19483168768,59.79
Principal Financial Group Inc,PFG,14.98669185529719,-27.167144955220778,7,19470903296,82.55
"Cboe Global Markets, Inc.",CBOE,14.652177281715526,-26.085475586084172,7,19376408576,183.52
"VeriSign, Inc.",VRSN,-8.831338761242662,0.7175167459574076,5,19196225536,190.25
Ameren Corporation,AEE,-15.55839726096815,0.4656431844235804,8,19060967424,71.58
Huntington Bancshares Incorpora,HBAN,14.98139744737636,-27.150017294845252,7,18998321152,13.05
Cincinnati Financial Corporatio,CINF,14.363809612779251,-25.14797833359494,7,18784133120,119.9
Jacobs Solutions Inc.,J,-13.96854167294461,0.468174641901101,1,18718230528,148.97
Hormel Foods Corporation,HRL,-8.952009392990405,12.394853383753969,3,18698067968,34.14
Clorox Company (The),CLX,-9.119631958326833,12.492388493929578,3,18635757568,150.16
Kellanova,K,-9.290351221893024,12.591918656275304,3,18304612352,53.56
Omnicom Group Inc.,OMC,33.46923367938656,16.385026470736783,1,18266832896,92.26
"McCormick & Company, Incorporat",MKC,-8.975003531351465,12.408386983077868,3,18265878528,68.17
"Expedia Group, Inc.",EXPE,5.082187127890572,-6.800411826090215,0,18190358528,133.47
IDEX Corporation,IEX,-13.94851622324975,0.47496077952654014,1,18152460288,239.97
FactSet Research Systems Inc.,FDS,14.362931255867906,-25.153219026447086,7,18127601664,475.96
Seagate Technology Holdings PLC,STX,-9.893000113066622,0.8771730013120078,5,18020042752,86.01
"Walgreens Boots Alliance, Inc.",WBA,11.0990753304115,6.3754368699323205,2,17954668544,20.82
Textron Inc.,TXT,-13.711450162972893,0.48535923067893905,1,17874677760,92.91
"Hologic, Inc.",HOLX,9.885216098091037,4.687982716437127,2,17818507264,75.91
"CenterPoint Energy, Inc (Holdin",CNP,-15.486747923109077,0.47083092548650357,8,17602553856,27.87
"Tyler Technologies, Inc.",TYL,-8.18333628983363,0.6183039575376289,5,17599963136,416.31
Laboratory Corporation of Ameri,LH,10.128705203707709,4.937234903550648,2,17594562560,209.21
Regions Financial Corporation,RF,14.166134908875621,-24.50855674077716,7,17510531072,19.05
Celanese Corporation,CE,-13.82695345305887,0.5817279727919402,1,17430405120,160.05
Avery Dennison Corporation,AVY,4.980142455497894,-6.365478396048127,0,17366638592,215.68
"EPAM Systems, Inc.",EPAM,-8.826301409296047,0.6654486510316894,5,17284063232,298.89
Atmos Energy Corporation,ATO,-15.658916217020193,0.4595399611936111,8,17278722048,114.55
"Leidos Holdings, Inc.",LDOS,-9.119556962147941,0.8325720948865893,5,17272524800,127.92
Expeditors International of Was,EXPD,-15.343102474243405,0.3809943215307335,1,17247735808,119.86
Loews Corporation,L,14.27183492020737,-24.850398130452255,7,17102811136,76.97
"Ventas, Inc.",VTR,-15.246739499634401,0.3885987094255115,6,17096586240,42.48
"Everest Group, Ltd.",EG,14.306106231295239,-24.965407530191857,7,17043329024,392.87
CMS Energy Corporation,CMS,-15.186589063237667,0.4905122571539189,8,17024751616,57.82
Synchrony Financial,SYF,14.578836543871375,-25.845699588813552,7,16997942272,41.78
Southwest Airlines Company,LUV,-14.083171359555847,0.4603765153727566,1,16915453952,28.35
"Best Buy Co., Inc.",BBY,5.0421376879235975,-6.6102072835532475,0,16805194752,78.02
"Skyworks Solutions, Inc.",SWKS,-9.552805315470566,0.8308162173984552,5,16674719744,104.07
Northern Trust Corporation,NTRS,14.519735141457085,-25.6537199103198,7,16619387904,81.46
Packaging Corporation of Americ,PKG,4.963297711678371,-6.354838094607184,0,16393143296,182.91
Masco Corporation,MAS,-13.68138831236461,0.490076037326478,1,16297773056,74.16
"Akamai Technologies, Inc.",AKAM,-9.042627167215823,0.7731014030843009,5,16251592704,107.25
"Essex Property Trust, Inc.",ESS,-15.189831719938905,0.39479782481096,6,15889189888,239.07
"Teradyne, Inc.",TER,-9.52573359283428,0.816510646919342,5,15776526336,103.06
"First Solar, Inc.",FSLR,-8.8835705980968,0.6933294807216491,5,15751678976,147.42
Jabil Inc.,JBL,-10.850215395147009,1.3265191343188003,5,15707289600,123.15
"CF Industries Holdings, Inc.",CF,-14.016366429267299,0.556559859554259,1,15660102656,83.42
Mid-America Apartment Communiti,MAA,-14.700470506003255,0.422396700479495,6,15622551552,130.34
Domino's Pizza Inc,DPZ,4.676851077386945,-6.209943828017481,0,15360059392,441.22
"Citizens Financial Group, Inc.",CFG,14.96261989633533,-27.08932629324959,7,15351783424,33.49
Pool Corporation,POOL,-14.42376441516442,0.44390175085294964,1,15324000256,399.31
Snap-On Incorporated,SNA,-13.896185854779922,0.47552807168641936,1,15280866304,289.2
Trimble Inc.,TRMB,-9.130336926778812,0.7785641982578525,5,15249792000,62.07
Nordson Corporation,NDSN,-13.838005460309502,0.4795054668716302,1,15052987392,263.2
Marathon Oil Corporation,MRO,22.783115900940658,32.07994836551769,4,14956862464,26.51
"Lamb Weston Holdings, Inc.",LW,-9.58394901157876,12.762267240289347,3,14734606336,102.06
EQT Corporation,EQT,23.036075077678138,32.50571057436461,4,14733302784,33.43
Zebra Technologies Corporation,ZBRA,-10.50383751181703,0.8126091764478002,5,14687886336,285.86
News Corporation,NWS,33.70749913631835,16.516633368644275,1,14682265600,26.44
News Corporation,NWSA,33.707581136472925,16.516678509938462,1,14682255360,25.51
"Host Hotels & Resorts, Inc.",HST,-14.529791676683143,0.43127289816520203,6,14636592128,20.51
"Enphase Energy, Inc.",ENPH,-11.461552128677903,0.7407222116093614,5,14625317888,107.73
Albemarle Corporation,ALB,-12.53131776206821,0.6569961623335748,1,14352671744,122.14
Molson Coors Beverage Company,TAP,-8.991681534487421,12.418368924039598,3,14332450816,67.47
"United Airlines Holdings, Inc.",UAL,-14.557191017519367,0.4301999435611199,1,14308493312,43.62
Quest Diagnostics Incorporated,DGX,10.0319559228771,4.837623882813299,2,14201493504,128.28
Viatris Inc.,VTRS,10.324513783030783,5.1347766278314895,2,14179586048,11.94
"Franklin Resources, Inc.",BEN,14.498229715801365,-25.584266375682127,7,14164410368,26.9
Bunge Limited,BG,-9.139445564828803,12.504016101885554,3,13883720704,95.56
LKQ Corporation,LKQ,5.181145813485164,-7.264150637041143,0,13732926464,51.51
MGM Resorts International,MGM,5.267359876798357,-7.574837924383299,0,13707793408,42.88
Amcor plc,AMCR,4.989078850672255,-6.638891789290832,0,13701822464,9.48
"Stanley Black & Decker, Inc.",SWK,-14.01480994103118,0.46889111800857214,1,13557822464,88.15
Gen Digital Inc.,GEN,-9.290007033855447,0.7697236070852174,5,13540707328,21.26
KeyCorp,KEY,14.969455652766499,-27.111470736702977,7,13522031616,14.48
"ConAgra Brands, Inc.",CAG,-8.941243342243855,12.388252048754373,3,13417600000,28.07
Fox Corporation,FOX,33.644879042129574,16.481996765062085,1,13406170112,26.89
Fox Corporation,FOXA,33.64535629310429,16.482260565465957,1,13405741056,29.55
Pentair plc.,PNR,-13.67269684697738,0.4909776700047569,1,13330961408,80.63
"NRG Energy, Inc.",NRG,-15.089178562559379,0.4963380889511467,8,13298782208,63.93
Charles River Laboratories Inte,CRL,9.603862955306306,4.401388647587526,2,13298058240,258.97
"UDR, Inc.",UDR,-14.817478174331,0.4137594033817439,6,13216758784,37.17
Incyte Corporation,INCY,10.183207013334803,4.989508660482709,2,13105582080,58.37
The J.M. Smucker Company,SJM,-9.033294642939985,12.442383910064951,3,12960904192,122.07
"Revvity, Inc.",RVTY,9.825082712221434,4.626435364927661,2,12957772800,104.9
A.O. Smith Corporation,AOS,-13.516146554860663,0.4983710435658632,1,12807716864,87.09
CarMax Inc,KMX,5.0190788746755,-6.4729962330960555,0,12750540800,80.74
Campbell Soup Company,CPB,-8.949818807304998,12.393385036067597,3,12731978752,42.71
Kimco Realty Corporation (HC),KIM,-14.40796141483728,0.43781790721781605,6,12704427008,18.88
International Paper Company,IP,4.992024229852924,-6.6246310835645,0,12589966336,36.35
Westrock Company,WRK,5.049773186762621,-6.587536794065977,0,12488596480,48.6
"Jack Henry & Associates, Inc.",JKHY,-8.850300670352881,0.7469910115936929,5,12456732672,170.95
Alliant Energy Corporation,LNT,-14.83566074490737,0.5129928695484116,8,12392678400,48.39
"Interpublic Group of Companies,",IPG,33.53243987174183,16.4199260076963,1,12266902528,32.39
DaVita Inc.,DVA,10.29015819234629,5.100763000076447,2,11931867136,136.65
NiSource Inc,NI,-15.323773835800353,0.48151388541097306,8,11859411968,26.5
"Evergy, Inc.",EVRG,-14.977850593354203,0.5063674309502647,8,11854067712,51.6
"Juniper Networks, Inc.",JNPR,-9.709867783310626,0.8473312833523516,5,11748609024,36.22
"Universal Health Services, Inc.",UHS,10.242435169105516,5.052214222017256,2,11687557120,173.9
Ralph Lauren Corporation,RL,4.973476150727987,-6.5318644511611526,0,11608889344,181.6
Insulet Corporation,PODD,10.350755390669013,5.157875328448922,2,11597876224,165.86
"Huntington Ingalls Industries, ",HII,-14.3144518805439,0.44683022865528815,1,11442503680,289.02
Allegion plc,ALLE,-13.513119881007889,0.49908549083960674,1,11416218624,130.39
Bio-Techne Corp,TECH,10.033584293966895,4.839072853970799,2,11399563264,72.52
"Wynn Resorts, Limited",WYNN,7.322686020786528,-10.601347368507424,0,11105808384,99.09
"F5, Inc.",FFIV,-9.072972393438992,0.7519307457612642,5,11049684992,187.9
Regency Centers Corporation,REG,-15.504859749839557,0.3716332517536376,6,10970329088,59.08
Globe Life Inc.,GL,14.391606715195957,-25.238524826264182,7,10872915968,116.03
Eastman Chemical Company,EMN,-12.741491675964875,0.6461582304509662,1,10830851072,92.3
"Qorvo, Inc.",QRVO,-9.615691754044706,0.5169838068079644,5,10798949376,111.85
"Tapestry, Inc.",TPR,5.034848700898556,-6.640757504164092,0,10743503872,46.84
"Paycom Software, Inc.",PAYC,-8.695654404924607,0.6504814264444416,5,10728786944,189.7
The AES Corporation,AES,-15.258807500119852,0.4919272352465577,8,10669228032,15.01
Camden Property Trust,CPT,-14.61826570542529,0.426627136951614,6,10535376896,98.49
Mosaic Company (The),MOS,-13.518938728394915,0.5890863371844443,1,10326215680,32.1
"Bath & Body Works, Inc.",BBWI,5.042687628178475,-6.664415024654776,0,10309687296,45.63
"Dayforce, Inc.",DAY,-8.999981013729956,0.6616524936398631,5,10281092096,66.09
"Catalent, Inc.",CTLT,9.815498608929708,4.615937794631758,2,10161090560,56.22
Teleflex Incorporated,TFX,9.913140315143645,4.7173915477854305,2,10135499776,215.39
"Boston Properties, Inc.",BXP,-16.331979578028424,0.3149198579924871,6,9828888576,62.6
APA Corporation,APA,22.602477721313647,31.775512498839383,4,9649695744,32.0
"Henry Schein, Inc.",HSIC,9.791739517844082,4.591934183197301,2,9583977472,74.58
"Bio-Rad Laboratories, Inc.",BIO,9.551799248268399,4.348535838264971,2,9504501760,333.51
"Assurant, Inc.",AIZ,14.272408134431439,-24.852137134754244,7,9416262656,181.16
"American Airlines Group, Inc.",AAL,-14.585817973308096,0.42949620264246363,1,9140407296,13.96
"Match Group, Inc.",MTCH,33.900704437003945,16.623334140329593,1,8991802368,33.55
"C.H. Robinson Worldwide, Inc.",CHRW,-14.4499453534395,0.44011686210633927,1,8642920448,73.94
"Caesars Entertainment, Inc.",CZR,5.165390489701072,-6.569756677861623,0,8472470528,39.17
Robert Half Inc.,RHI,-14.347568681540876,0.44685487447168526,1,8295729664,78.85
Federal Realty Investment Trust,FRT,-14.637946842762533,0.4255859457690059,6,8288939520,99.12
"MarketAxess Holdings, Inc.",MKTX,14.327336024832082,-25.031067746731683,7,8272199168,218.45
Norwegian Cruise Line Holdings ,NCLH,5.418207266822665,-8.089788687005091,0,8257745408,19.4
FMC Corporation,FMC,-13.48084672857408,0.5915114447955624,1,8115703296,65.05
Pinnacle West Capital Corporati,PNW,-15.298247579776326,0.4910875816364257,8,8051048960,70.98
"Etsy, Inc.",ETSY,4.991876158193261,-6.634917862200414,0,7851280384,66.26
Paramount Global,PARA,33.64693386138271,16.48314619633191,1,7769415168,11.21
"Mohawk Industries, Inc.",MHK,5.089342376532578,-6.470528274536267,0,7505347072,117.83
"Hasbro, Inc.",HAS,4.736797793943454,-6.630089526974136,0,7398948864,53.31
BorgWarner Inc.,BWA,5.208705335136337,-6.733960827282592,0,7380533248,32.12
Invesco Ltd,IVZ,14.56297823810671,-25.7947551353711,7,6931217920,15.43
DENTSPLY SIRONA Inc.,XRAY,10.153188847976116,4.960868907864535,2,6809801216,32.84
Generac Holdlings Inc.,GNRC,-13.547391509932142,0.49800447884506555,1,6742928896,111.88
Comerica Incorporated,CMA,15.11911629738552,-27.59702511725739,7,6556930560,49.49
Zions Bancorporation N.A.,ZION,14.991116906815137,-27.181808791685416,7,5872964608,39.79
V.F. Corporation,VFC,4.8610583614861635,-6.614537996610952,0,5746700288,14.78
Whirlpool Corporation,WHR,5.129214277327747,-6.422463478538075,0,5725056000,105.12
"Healthpeak Properties, Inc.",DOC,-14.580041164561782,0.4280788460474962,6,4286294784,17.24
